"HITId","HITTypeId","Title","Description","Keywords","Reward","CreationTime","MaxAssignments","RequesterAnnotation","AssignmentDurationInSeconds","AutoApprovalDelayInSeconds","Expiration","NumberOfSimilarHITs","LifetimeInSeconds","AssignmentId","WorkerId","AssignmentStatus","AcceptTime","SubmitTime","AutoApprovalTime","ApprovalTime","RejectionTime","RequesterFeedback","WorkTimeInSeconds","LifetimeApprovalRate","Last30DaysApprovalRate","Last7DaysApprovalRate","Input.audioURL","Answer.answer","Answer.country","Approve","Reject"
"27QH88MQU6L5F5JH0SIX54AIJVYUBO","2095TYMNCWYBV33EAJJH511JONQKO7","Transcribe the short phrase in a three-second audio snippet","Listen to the audio file, then type the words that the person is saying","madgab  audio transcription listen to clip then transcribe","$0.03","Sun Jun 03 10:16:13 GMT 2012","30","","180","604800","Mon Jun 04 10:16:13 GMT 2012","","","21ALKH1Q6SVQZBWD4HL6T5OBWKVK11","A3VUET3XI2I18A","Approved","Sun Jun 03 12:09:26 GMT 2012","Sun Jun 03 12:09:39 GMT 2012","Sun Jun 10 05:09:39 PDT 2012","Sun Jun 03 05:46:47 PDT 2012","","","13","100% (17/17)","100% (17/17)","100% (17/17)","http://ani.pe/jenee/A.19.139.wav","a nice cold hour","india"
"27QH88MQU6L5F5JH0SIX54AIJVYUBO","2095TYMNCWYBV33EAJJH511JONQKO7","Transcribe the short phrase in a three-second audio snippet","Listen to the audio file, then type the words that the person is saying","madgab  audio transcription listen to clip then transcribe","$0.03","Sun Jun 03 10:16:13 GMT 2012","30","","180","604800","Mon Jun 04 10:16:13 GMT 2012","","","21B85OZIZEHM14DR6FH5MWPXM59BZ7","A3VSUKEQLN39DX","Approved","Sun Jun 03 19:25:13 GMT 2012","Sun Jun 03 19:25:48 GMT 2012","Sun Jun 10 12:25:48 PDT 2012","Sun Jun 03 12:30:39 PDT 2012","","","35","100% (3/3)","100% (3/3)","100% (3/3)","http://ani.pe/jenee/A.19.139.wav","an ice cold dower","USA"
"27QH88MQU6L5F5JH0SIX54AIJVYUBO","2095TYMNCWYBV33EAJJH511JONQKO7","Transcribe the short phrase in a three-second audio snippet","Listen to the audio file, then type the words that the person is saying","madgab  audio transcription listen to clip then transcribe","$0.03","Sun Jun 03 10:16:13 GMT 2012","30","","180","604800","Mon Jun 04 10:16:13 GMT 2012","","","21Z0G5R98D8JUP2CEJJTVYCG4UUDTV","AT5ZDFDGKW3C3","Approved","Sun Jun 03 16:32:06 GMT 2012","Sun Jun 03 16:32:23 GMT 2012","Sun Jun 10 09:32:23 PDT 2012","Sun Jun 03 12:11:57 PDT 2012","","","17","100% (4/4)","100% (4/4)","100% (4/4)","http://ani.pe/jenee/A.19.139.wav","an ice cold hour","India"
"27QH88MQU6L5F5JH0SIX54AIJVYUBO","2095TYMNCWYBV33EAJJH511JONQKO7","Transcribe the short phrase in a three-second audio snippet","Listen to the audio file, then type the words that the person is saying","madgab  audio transcription listen to clip then transcribe","$0.03","Sun Jun 03 10:16:13 GMT 2012","30","","180","604800","Mon Jun 04 10:16:13 GMT 2012","","","22FQQ7Q67051HE0S9STTYC1XNO2WC6","A3K7MH764BEIG5","Approved","Sun Jun 03 18:09:32 GMT 2012","Sun Jun 03 18:11:20 GMT 2012","Sun Jun 10 11:11:20 PDT 2012","Sun Jun 03 12:11:58 PDT 2012","","","108","100% (3/3)","100% (3/3)","100% (3/3)","http://ani.pe/jenee/A.19.139.wav","an ice cold hour","usa"
"27QH88MQU6L5F5JH0SIX54AIJVYUBO","2095TYMNCWYBV33EAJJH511JONQKO7","Transcribe the short phrase in a three-second audio snippet","Listen to the audio file, then type the words that the person is saying","madgab  audio transcription listen to clip then transcribe","$0.03","Sun Jun 03 10:16:13 GMT 2012","30","","180","604800","Mon Jun 04 10:16:13 GMT 2012","","","22O6NG1FS3NYEDZ3XS6Z0ZL2YZMLZ3","A3HBWVAVKRASDF","Approved","Sun Jun 03 19:20:14 GMT 2012","Sun Jun 03 19:21:03 GMT 2012","Sun Jun 10 12:21:03 PDT 2012","Sun Jun 03 12:30:38 PDT 2012","","","49","100% (5/5)","100% (5/5)","100% (5/5)","http://ani.pe/jenee/A.19.139.wav","an ice cold hour","macedonia"
"27QH88MQU6L5F5JH0SIX54AIJVYUBO","2095TYMNCWYBV33EAJJH511JONQKO7","Transcribe the short phrase in a three-second audio snippet","Listen to the audio file, then type the words that the person is saying","madgab  audio transcription listen to clip then transcribe","$0.03","Sun Jun 03 10:16:13 GMT 2012","30","","180","604800","Mon Jun 04 10:16:13 GMT 2012","","","22TCSTMOFXRDJY6HJ5PDVXJFN9MQTG","A3RCKVN8IKYY41","Approved","Sun Jun 03 18:41:27 GMT 2012","Sun Jun 03 18:41:53 GMT 2012","Sun Jun 10 11:41:53 PDT 2012","Sun Jun 03 12:12:01 PDT 2012","","","26","100% (2/2)","100% (2/2)","100% (2/2)","http://ani.pe/jenee/A.19.139.wav","an ice cold hour","United States"
"27QH88MQU6L5F5JH0SIX54AIJVYUBO","2095TYMNCWYBV33EAJJH511JONQKO7","Transcribe the short phrase in a three-second audio snippet","Listen to the audio file, then type the words that the person is saying","madgab  audio transcription listen to clip then transcribe","$0.03","Sun Jun 03 10:16:13 GMT 2012","30","","180","604800","Mon Jun 04 10:16:13 GMT 2012","","","23D0XULRGNTBAXARVOWFX7N63S05R3","AL255F4SK2CWD","Approved","Sun Jun 03 17:13:00 GMT 2012","Sun Jun 03 17:14:01 GMT 2012","Sun Jun 10 10:14:01 PDT 2012","Sun Jun 03 12:11:59 PDT 2012","","","61","100% (1/1)","100% (1/1)","100% (1/1)","http://ani.pe/jenee/A.19.139.wav","an ice cold hour","India"
"27QH88MQU6L5F5JH0SIX54AIJVYUBO","2095TYMNCWYBV33EAJJH511JONQKO7","Transcribe the short phrase in a three-second audio snippet","Listen to the audio file, then type the words that the person is saying","madgab  audio transcription listen to clip then transcribe","$0.03","Sun Jun 03 10:16:13 GMT 2012","30","","180","604800","Mon Jun 04 10:16:13 GMT 2012","","","23UD5NQYN5F3HU7LNKPMVCWYCCRB7A","A2YQCGL1VAP22O","Approved","Sun Jun 03 16:50:48 GMT 2012","Sun Jun 03 16:51:37 GMT 2012","Sun Jun 10 09:51:37 PDT 2012","Sun Jun 03 12:11:59 PDT 2012","","","49","100% (5/5)","100% (5/5)","100% (5/5)","http://ani.pe/jenee/A.19.139.wav","in ice coal dour","usa"
"27QH88MQU6L5F5JH0SIX54AIJVYUBO","2095TYMNCWYBV33EAJJH511JONQKO7","Transcribe the short phrase in a three-second audio snippet","Listen to the audio file, then type the words that the person is saying","madgab  audio transcription listen to clip then transcribe","$0.03","Sun Jun 03 10:16:13 GMT 2012","30","","180","604800","Mon Jun 04 10:16:13 GMT 2012","","","25CI62NJQ217TTXE88XBSLCVFJ8NVZ","A3ABJN1IL7UCZ8","Approved","Sun Jun 03 13:13:20 GMT 2012","Sun Jun 03 13:13:39 GMT 2012","Sun Jun 10 06:13:39 PDT 2012","Sun Jun 03 12:11:58 PDT 2012","","","19","50% (1/2)","50% (1/2)","50% (1/2)","http://ani.pe/jenee/A.19.139.wav","an ice cold hour","INDIA"
"27QH88MQU6L5F5JH0SIX54AIJVYUBO","2095TYMNCWYBV33EAJJH511JONQKO7","Transcribe the short phrase in a three-second audio snippet","Listen to the audio file, then type the words that the person is saying","madgab  audio transcription listen to clip then transcribe","$0.03","Sun Jun 03 10:16:13 GMT 2012","30","","180","604800","Mon Jun 04 10:16:13 GMT 2012","","","25IVJ8EBDPGFC0JH7NQ9ZNDWJWC0FG","A109CH3492UU42","Approved","Sun Jun 03 15:02:43 GMT 2012","Sun Jun 03 15:03:01 GMT 2012","Sun Jun 10 08:03:01 PDT 2012","Sun Jun 03 12:11:59 PDT 2012","","","18","100% (16/16)","100% (16/16)","100% (16/16)","http://ani.pe/jenee/A.19.139.wav","an ice cold hour","canada"
"27QH88MQU6L5F5JH0SIX54AIJVYUBO","2095TYMNCWYBV33EAJJH511JONQKO7","Transcribe the short phrase in a three-second audio snippet","Listen to the audio file, then type the words that the person is saying","madgab  audio transcription listen to clip then transcribe","$0.03","Sun Jun 03 10:16:13 GMT 2012","30","","180","604800","Mon Jun 04 10:16:13 GMT 2012","","","26TINMHGYQ4JUHYGO26MNFOYZQ4L8N","A1QEU95HL73709","Approved","Sun Jun 03 10:47:17 GMT 2012","Sun Jun 03 10:48:03 GMT 2012","Sun Jun 10 03:48:03 PDT 2012","Sun Jun 03 04:29:49 PDT 2012","","","46","100% (5/5)","100% (5/5)","100% (5/5)","http://ani.pe/jenee/A.19.139.wav","an ice core bower","India"
"27QH88MQU6L5F5JH0SIX54AIJVYUBO","2095TYMNCWYBV33EAJJH511JONQKO7","Transcribe the short phrase in a three-second audio snippet","Listen to the audio file, then type the words that the person is saying","madgab  audio transcription listen to clip then transcribe","$0.03","Sun Jun 03 10:16:13 GMT 2012","30","","180","604800","Mon Jun 04 10:16:13 GMT 2012","","","29UMIKMN9U8P0SRDBNNXQ3SUZQYSB8","A1ZAMDHMX2MCVF","Approved","Sun Jun 03 11:42:48 GMT 2012","Sun Jun 03 11:43:12 GMT 2012","Sun Jun 10 04:43:12 PDT 2012","Sun Jun 03 05:46:47 PDT 2012","","","24","100% (2/2)","100% (2/2)","100% (2/2)","http://ani.pe/jenee/A.19.139.wav","an ice cold hour","India"
"27QH88MQU6L5F5JH0SIX54AIJVYUBO","2095TYMNCWYBV33EAJJH511JONQKO7","Transcribe the short phrase in a three-second audio snippet","Listen to the audio file, then type the words that the person is saying","madgab  audio transcription listen to clip then transcribe","$0.03","Sun Jun 03 10:16:13 GMT 2012","30","","180","604800","Mon Jun 04 10:16:13 GMT 2012","","","2CFJKM05BMJTLBM1K7KPHRA7TDIDII","AD597CFFU07LN","Approved","Sun Jun 03 19:08:45 GMT 2012","Sun Jun 03 19:10:34 GMT 2012","Sun Jun 10 12:10:34 PDT 2012","Sun Jun 03 12:12:00 PDT 2012","","","109","100% (1/1)","100% (1/1)","100% (1/1)","http://ani.pe/jenee/A.19.139.wav","an ice called dower","India"
"27QH88MQU6L5F5JH0SIX54AIJVYUBO","2095TYMNCWYBV33EAJJH511JONQKO7","Transcribe the short phrase in a three-second audio snippet","Listen to the audio file, then type the words that the person is saying","madgab  audio transcription listen to clip then transcribe","$0.03","Sun Jun 03 10:16:13 GMT 2012","30","","180","604800","Mon Jun 04 10:16:13 GMT 2012","","","2DO5XH0JPPSITEMJ7CJPF5KLNEFGM8","A2J6XVXLXOM6MZ","Approved","Sun Jun 03 17:26:20 GMT 2012","Sun Jun 03 17:26:36 GMT 2012","Sun Jun 10 10:26:36 PDT 2012","Sun Jun 03 12:12:01 PDT 2012","","","16","100% (14/14)","100% (14/14)","100% (14/14)","http://ani.pe/jenee/A.19.139.wav","an ice cold hour","united states"
"27QH88MQU6L5F5JH0SIX54AIJVYUBO","2095TYMNCWYBV33EAJJH511JONQKO7","Transcribe the short phrase in a three-second audio snippet","Listen to the audio file, then type the words that the person is saying","madgab  audio transcription listen to clip then transcribe","$0.03","Sun Jun 03 10:16:13 GMT 2012","30","","180","604800","Mon Jun 04 10:16:13 GMT 2012","","","2E6GDHDM25L893B4EX8E76OE5YAEOZ","A1TA4DUTNEDVMH","Approved","Sun Jun 03 13:04:07 GMT 2012","Sun Jun 03 13:05:14 GMT 2012","Sun Jun 10 06:05:14 PDT 2012","Sun Jun 03 12:11:57 PDT 2012","","","67","100% (2/2)","100% (2/2)","100% (2/2)","http://ani.pe/jenee/A.19.139.wav","an ice cold hour","uk"
"27QH88MQU6L5F5JH0SIX54AIJVYUBO","2095TYMNCWYBV33EAJJH511JONQKO7","Transcribe the short phrase in a three-second audio snippet","Listen to the audio file, then type the words that the person is saying","madgab  audio transcription listen to clip then transcribe","$0.03","Sun Jun 03 10:16:13 GMT 2012","30","","180","604800","Mon Jun 04 10:16:13 GMT 2012","","","2F3MJTUHYW2GKJXWSYJ54M16A6GOJ4","AEU7KMM05UJPT","Approved","Sun Jun 03 20:59:07 GMT 2012","Sun Jun 03 21:00:01 GMT 2012","Sun Jun 10 14:00:01 PDT 2012","Sun Jun 03 16:18:00 PDT 2012","","","54","100% (1/1)","100% (1/1)","100% (1/1)","http://ani.pe/jenee/A.19.139.wav","an ice cold hour","USA"
"27QH88MQU6L5F5JH0SIX54AIJVYUBO","2095TYMNCWYBV33EAJJH511JONQKO7","Transcribe the short phrase in a three-second audio snippet","Listen to the audio file, then type the words that the person is saying","madgab  audio transcription listen to clip then transcribe","$0.03","Sun Jun 03 10:16:13 GMT 2012","30","","180","604800","Mon Jun 04 10:16:13 GMT 2012","","","2FKW6NG1FS3NPH7GG6SF7SZL355KY0","A3N4XDA7B9ZIMM","Approved","Sun Jun 03 13:12:24 GMT 2012","Sun Jun 03 13:14:26 GMT 2012","Sun Jun 10 06:14:26 PDT 2012","Sun Jun 03 12:11:58 PDT 2012","","","122","100% (1/1)","100% (1/1)","100% (1/1)","http://ani.pe/jenee/A.19.139.wav","an ice cold hour","United States"
"27QH88MQU6L5F5JH0SIX54AIJVYUBO","2095TYMNCWYBV33EAJJH511JONQKO7","Transcribe the short phrase in a three-second audio snippet","Listen to the audio file, then type the words that the person is saying","madgab  audio transcription listen to clip then transcribe","$0.03","Sun Jun 03 10:16:13 GMT 2012","30","","180","604800","Mon Jun 04 10:16:13 GMT 2012","","","2JJNDWIOV1S7JHRIB7L1BYDZ9VKIXF","A28PR6S5WPR0J4","Approved","Sun Jun 03 11:48:59 GMT 2012","Sun Jun 03 11:49:21 GMT 2012","Sun Jun 10 04:49:21 PDT 2012","Sun Jun 03 05:46:48 PDT 2012","","","22","100% (5/5)","100% (5/5)","100% (5/5)","http://ani.pe/jenee/A.19.139.wav","an ice cold hour","USA"
"27QH88MQU6L5F5JH0SIX54AIJVYUBO","2095TYMNCWYBV33EAJJH511JONQKO7","Transcribe the short phrase in a three-second audio snippet","Listen to the audio file, then type the words that the person is saying","madgab  audio transcription listen to clip then transcribe","$0.03","Sun Jun 03 10:16:13 GMT 2012","30","","180","604800","Mon Jun 04 10:16:13 GMT 2012","","","2L2T2D5NQYN56XE517WT6MNCX6Q95G","A1V6ISW75IUD94","Approved","Sun Jun 03 13:37:46 GMT 2012","Sun Jun 03 13:39:51 GMT 2012","Sun Jun 10 06:39:51 PDT 2012","Sun Jun 03 12:11:57 PDT 2012","","","125","100% (16/16)","100% (16/16)","100% (16/16)","http://ani.pe/jenee/A.19.139.wav","an ice cold hour","India"
"27QH88MQU6L5F5JH0SIX54AIJVYUBO","2095TYMNCWYBV33EAJJH511JONQKO7","Transcribe the short phrase in a three-second audio snippet","Listen to the audio file, then type the words that the person is saying","madgab  audio transcription listen to clip then transcribe","$0.03","Sun Jun 03 10:16:13 GMT 2012","30","","180","604800","Mon Jun 04 10:16:13 GMT 2012","","","2L5PGFL6VCPWQ3FSVN9O31S7TVML69","A3O3RUNQ53UA2J","Approved","Sun Jun 03 17:23:13 GMT 2012","Sun Jun 03 17:23:42 GMT 2012","Sun Jun 10 10:23:42 PDT 2012","Sun Jun 03 12:11:58 PDT 2012","","","29","100% (1/1)","100% (1/1)","100% (1/1)","http://ani.pe/jenee/A.19.139.wav","an ice cold hour","Sri Lanka"
"27QH88MQU6L5F5JH0SIX54AIJVYUBO","2095TYMNCWYBV33EAJJH511JONQKO7","Transcribe the short phrase in a three-second audio snippet","Listen to the audio file, then type the words that the person is saying","madgab  audio transcription listen to clip then transcribe","$0.03","Sun Jun 03 10:16:13 GMT 2012","30","","180","604800","Mon Jun 04 10:16:13 GMT 2012","","","2MKTMOFXRDS496PJG4EXRFM12IDVSG","A1JEXXV0NXFDKT","Approved","Sun Jun 03 11:06:47 GMT 2012","Sun Jun 03 11:07:41 GMT 2012","Sun Jun 10 04:07:41 PDT 2012","Sun Jun 03 04:29:50 PDT 2012","","","54","100% (2/2)","100% (2/2)","100% (2/2)","http://ani.pe/jenee/A.19.139.wav","an ice cold hour","india"
"27QH88MQU6L5F5JH0SIX54AIJVYUBO","2095TYMNCWYBV33EAJJH511JONQKO7","Transcribe the short phrase in a three-second audio snippet","Listen to the audio file, then type the words that the person is saying","madgab  audio transcription listen to clip then transcribe","$0.03","Sun Jun 03 10:16:13 GMT 2012","30","","180","604800","Mon Jun 04 10:16:13 GMT 2012","","","2O8DHDM25L8I0HN1O85ZEOE4R4OPFC","A3M4HN6M0IR63H","Approved","Sun Jun 03 15:42:53 GMT 2012","Sun Jun 03 15:43:10 GMT 2012","Sun Jun 10 08:43:10 PDT 2012","Sun Jun 03 12:12:00 PDT 2012","","","17","100% (4/4)","100% (4/4)","100% (4/4)","http://ani.pe/jenee/A.19.139.wav","an ice cold hour","US"
"27QH88MQU6L5F5JH0SIX54AIJVYUBO","2095TYMNCWYBV33EAJJH511JONQKO7","Transcribe the short phrase in a three-second audio snippet","Listen to the audio file, then type the words that the person is saying","madgab  audio transcription listen to clip then transcribe","$0.03","Sun Jun 03 10:16:13 GMT 2012","30","","180","604800","Mon Jun 04 10:16:13 GMT 2012","","","2OAUUU00OQKK1Y6NAZJ222681MJVVX","A28YNRSKUQ8NC3","Approved","Sun Jun 03 20:13:14 GMT 2012","Sun Jun 03 20:13:43 GMT 2012","Sun Jun 10 13:13:43 PDT 2012","Sun Jun 03 16:17:59 PDT 2012","","","29","100% (1/1)","100% (1/1)","100% (1/1)","http://ani.pe/jenee/A.19.139.wav","an ice cold hour","united states"
"27QH88MQU6L5F5JH0SIX54AIJVYUBO","2095TYMNCWYBV33EAJJH511JONQKO7","Transcribe the short phrase in a three-second audio snippet","Listen to the audio file, then type the words that the person is saying","madgab  audio transcription listen to clip then transcribe","$0.03","Sun Jun 03 10:16:13 GMT 2012","30","","180","604800","Mon Jun 04 10:16:13 GMT 2012","","","2OJ9Y8TNKIMZJGTPX8J2WM0PH3ZW9P","A3WUVSRKDQJHL","Approved","Sun Jun 03 18:08:09 GMT 2012","Sun Jun 03 18:08:34 GMT 2012","Sun Jun 10 11:08:34 PDT 2012","Sun Jun 03 12:12:01 PDT 2012","","","25","100% (3/3)","100% (3/3)","100% (3/3)","http://ani.pe/jenee/A.19.139.wav","an ice coal dower","USA"
"27QH88MQU6L5F5JH0SIX54AIJVYUBO","2095TYMNCWYBV33EAJJH511JONQKO7","Transcribe the short phrase in a three-second audio snippet","Listen to the audio file, then type the words that the person is saying","madgab  audio transcription listen to clip then transcribe","$0.03","Sun Jun 03 10:16:13 GMT 2012","30","","180","604800","Mon Jun 04 10:16:13 GMT 2012","","","2T0EBDPGFL6V3JK4RIED4IOV20OI3K","A30HNSMQRR925K","Approved","Sun Jun 03 15:37:47 GMT 2012","Sun Jun 03 15:38:02 GMT 2012","Sun Jun 10 08:38:02 PDT 2012","Sun Jun 03 12:12:02 PDT 2012","","","15","100% (5/5)","100% (5/5)","100% (5/5)","http://ani.pe/jenee/A.19.139.wav","an ice cove daver","India"
"27QH88MQU6L5F5JH0SIX54AIJVYUBO","2095TYMNCWYBV33EAJJH511JONQKO7","Transcribe the short phrase in a three-second audio snippet","Listen to the audio file, then type the words that the person is saying","madgab  audio transcription listen to clip then transcribe","$0.03","Sun Jun 03 10:16:13 GMT 2012","30","","180","604800","Mon Jun 04 10:16:13 GMT 2012","","","2TTLY58B727MRC4K2841EYFSWNRU9R","ASTVV4I4O4S5X","Approved","Sun Jun 03 20:28:18 GMT 2012","Sun Jun 03 20:28:44 GMT 2012","Sun Jun 10 13:28:44 PDT 2012","Sun Jun 03 16:17:59 PDT 2012","","","26","100% (10/10)","100% (10/10)","100% (10/10)","http://ani.pe/jenee/A.19.139.wav","an ice cold hour","India"
"27QH88MQU6L5F5JH0SIX54AIJVYUBO","2095TYMNCWYBV33EAJJH511JONQKO7","Transcribe the short phrase in a three-second audio snippet","Listen to the audio file, then type the words that the person is saying","madgab  audio transcription listen to clip then transcribe","$0.03","Sun Jun 03 10:16:13 GMT 2012","30","","180","604800","Mon Jun 04 10:16:13 GMT 2012","","","2V7Q0ONNVRH1BBCEW7IBF6NVATVMVV","ALAO0YU49USSB","Approved","Sun Jun 03 10:45:35 GMT 2012","Sun Jun 03 10:46:18 GMT 2012","Sun Jun 10 03:46:18 PDT 2012","Sun Jun 03 04:29:50 PDT 2012","","","43","100% (4/4)","100% (4/4)","100% (4/4)","http://ani.pe/jenee/A.19.139.wav","an ice cold hour","England"
"27QH88MQU6L5F5JH0SIX54AIJVYUBO","2095TYMNCWYBV33EAJJH511JONQKO7","Transcribe the short phrase in a three-second audio snippet","Listen to the audio file, then type the words that the person is saying","madgab  audio transcription listen to clip then transcribe","$0.03","Sun Jun 03 10:16:13 GMT 2012","30","","180","604800","Mon Jun 04 10:16:13 GMT 2012","","","2YUL92HECWA6OXMTU360KP5KYX4JIR","A1CIANG9KIJB7Z","Approved","Sun Jun 03 10:21:59 GMT 2012","Sun Jun 03 10:22:47 GMT 2012","Sun Jun 10 03:22:47 PDT 2012","Sun Jun 03 04:29:49 PDT 2012","","","48","50% (2/4)","50% (2/4)","50% (2/4)","http://ani.pe/jenee/A.19.139.wav","an ice cold hour","Ireland"
"27QH88MQU6L5F5JH0SIX54AIJVYUBO","2095TYMNCWYBV33EAJJH511JONQKO7","Transcribe the short phrase in a three-second audio snippet","Listen to the audio file, then type the words that the person is saying","madgab  audio transcription listen to clip then transcribe","$0.03","Sun Jun 03 10:16:13 GMT 2012","30","","180","604800","Mon Jun 04 10:16:13 GMT 2012","","","2Z5OBDDP8PJWBO1IQODBBQ3908QF49","AGIFA6SS2ZZGC","Approved","Sun Jun 03 14:07:11 GMT 2012","Sun Jun 03 14:07:33 GMT 2012","Sun Jun 10 07:07:33 PDT 2012","Sun Jun 03 12:12:02 PDT 2012","","","22","100% (3/3)","100% (3/3)","100% (3/3)","http://ani.pe/jenee/A.19.139.wav","an ice cold hour","Finland"
"27QH88MQU6L5F5JH0SIX54AIJVYUBO","2095TYMNCWYBV33EAJJH511JONQKO7","Transcribe the short phrase in a three-second audio snippet","Listen to the audio file, then type the words that the person is saying","madgab  audio transcription listen to clip then transcribe","$0.03","Sun Jun 03 10:16:13 GMT 2012","30","","180","604800","Mon Jun 04 10:16:13 GMT 2012","","","2ZKI2KYEPLSPYZ8Q4XNJBOAHRM4UOW","AES66SMYQ6GJH","Approved","Sun Jun 03 13:11:10 GMT 2012","Sun Jun 03 13:12:25 GMT 2012","Sun Jun 10 06:12:25 PDT 2012","Sun Jun 03 12:12:02 PDT 2012","","","75","100% (5/5)","100% (5/5)","100% (5/5)","http://ani.pe/jenee/A.19.139.wav","in ice cold hour","India"
"2QQD8J3VE7WSJNB3U7UMKK8ATIMZJ3","2095TYMNCWYBV33EAJJH511JONQKO7","Transcribe the short phrase in a three-second audio snippet","Listen to the audio file, then type the words that the person is saying","madgab  audio transcription listen to clip then transcribe","$0.03","Sun Jun 03 10:16:13 GMT 2012","31","","180","604800","Mon Jun 04 19:11:46 GMT 2012","","","240Y1THV8ER9P2HS29DZ0M5KGPCO1W","A1NY47MNJ58ABK","Approved","Sun Jun 03 17:58:12 GMT 2012","Sun Jun 03 17:58:59 GMT 2012","Sun Jun 10 10:58:59 PDT 2012","Sun Jun 03 12:11:56 PDT 2012","","","47","100% (3/3)","100% (3/3)","100% (3/3)","http://ani.pe/jenee/A.20.163.wav","a light cold hour","United States of America"
"2QQD8J3VE7WSJNB3U7UMKK8ATIMZJ3","2095TYMNCWYBV33EAJJH511JONQKO7","Transcribe the short phrase in a three-second audio snippet","Listen to the audio file, then type the words that the person is saying","madgab  audio transcription listen to clip then transcribe","$0.03","Sun Jun 03 10:16:13 GMT 2012","31","","180","604800","Mon Jun 04 19:11:46 GMT 2012","","","2418JHSTLB3LR9ZOR9FBREJRF32GSP","A3EFW9FUN9ARDR","Approved","Sun Jun 03 21:14:26 GMT 2012","Sun Jun 03 21:15:05 GMT 2012","Sun Jun 10 14:15:05 PDT 2012","Sun Jun 03 16:18:00 PDT 2012","","","39","100% (1/1)","100% (1/1)","100% (1/1)","http://ani.pe/jenee/A.20.163.wav","a nice cold hour","Egypt"
"2QQD8J3VE7WSJNB3U7UMKK8ATIMZJ3","2095TYMNCWYBV33EAJJH511JONQKO7","Transcribe the short phrase in a three-second audio snippet","Listen to the audio file, then type the words that the person is saying","madgab  audio transcription listen to clip then transcribe","$0.03","Sun Jun 03 10:16:13 GMT 2012","31","","180","604800","Mon Jun 04 19:11:46 GMT 2012","","","2626X3YOCCF03JTPFGKIVIIXZOPQR3","A3RCKVN8IKYY41","Approved","Sun Jun 03 18:40:32 GMT 2012","Sun Jun 03 18:40:52 GMT 2012","Sun Jun 10 11:40:52 PDT 2012","Sun Jun 03 12:12:00 PDT 2012","","","20","100% (2/2)","100% (2/2)","100% (2/2)","http://ani.pe/jenee/A.20.163.wav","an ice cold hour","United States"
"2QQD8J3VE7WSJNB3U7UMKK8ATIMZJ3","2095TYMNCWYBV33EAJJH511JONQKO7","Transcribe the short phrase in a three-second audio snippet","Listen to the audio file, then type the words that the person is saying","madgab  audio transcription listen to clip then transcribe","$0.03","Sun Jun 03 10:16:13 GMT 2012","31","","180","604800","Mon Jun 04 19:11:46 GMT 2012","","","26W0SPW1INMH7SE91UEAJ6BFNNXG3R","AT5ZDFDGKW3C3","Approved","Sun Jun 03 16:31:05 GMT 2012","Sun Jun 03 16:31:24 GMT 2012","Sun Jun 10 09:31:24 PDT 2012","Sun Jun 03 12:11:57 PDT 2012","","","19","100% (4/4)","100% (4/4)","100% (4/4)","http://ani.pe/jenee/A.20.163.wav","a nice cold hour","India"
"2QQD8J3VE7WSJNB3U7UMKK8ATIMZJ3","2095TYMNCWYBV33EAJJH511JONQKO7","Transcribe the short phrase in a three-second audio snippet","Listen to the audio file, then type the words that the person is saying","madgab  audio transcription listen to clip then transcribe","$0.03","Sun Jun 03 10:16:13 GMT 2012","31","","180","604800","Mon Jun 04 19:11:46 GMT 2012","","","28ENCWYB49F9JMGMFSSJWNST6PLOSC","A3M4HN6M0IR63H","Approved","Sun Jun 03 15:35:59 GMT 2012","Sun Jun 03 15:36:18 GMT 2012","Sun Jun 10 08:36:18 PDT 2012","Sun Jun 03 12:12:01 PDT 2012","","","19","100% (4/4)","100% (4/4)","100% (4/4)","http://ani.pe/jenee/A.20.163.wav","a nice cold hour","US"
"2QQD8J3VE7WSJNB3U7UMKK8ATIMZJ3","2095TYMNCWYBV33EAJJH511JONQKO7","Transcribe the short phrase in a three-second audio snippet","Listen to the audio file, then type the words that the person is saying","madgab  audio transcription listen to clip then transcribe","$0.03","Sun Jun 03 10:16:13 GMT 2012","31","","180","604800","Mon Jun 04 19:11:46 GMT 2012","","","299HRRLFQ0ONEPFMJB8OHEGRCFJHQP","A3VUET3XI2I18A","Approved","Sun Jun 03 12:08:27 GMT 2012","Sun Jun 03 12:09:24 GMT 2012","Sun Jun 10 05:09:24 PDT 2012","Sun Jun 03 05:46:47 PDT 2012","","","57","100% (17/17)","100% (17/17)","100% (17/17)","http://ani.pe/jenee/A.20.163.wav","a nice cold hour","india"
"2QQD8J3VE7WSJNB3U7UMKK8ATIMZJ3","2095TYMNCWYBV33EAJJH511JONQKO7","Transcribe the short phrase in a three-second audio snippet","Listen to the audio file, then type the words that the person is saying","madgab  audio transcription listen to clip then transcribe","$0.03","Sun Jun 03 10:16:13 GMT 2012","31","","180","604800","Mon Jun 04 19:11:46 GMT 2012","","","29UMIKMN9U8P0SRDBNNXQ3SUZQ6BSZ","A2J6XVXLXOM6MZ","Approved","Sun Jun 03 17:25:44 GMT 2012","Sun Jun 03 17:26:17 GMT 2012","Sun Jun 10 10:26:17 PDT 2012","Sun Jun 03 12:11:58 PDT 2012","","","33","100% (14/14)","100% (14/14)","100% (14/14)","http://ani.pe/jenee/A.20.163.wav","an nice cold hour","united states"
"2QQD8J3VE7WSJNB3U7UMKK8ATIMZJ3","2095TYMNCWYBV33EAJJH511JONQKO7","Transcribe the short phrase in a three-second audio snippet","Listen to the audio file, then type the words that the person is saying","madgab  audio transcription listen to clip then transcribe","$0.03","Sun Jun 03 10:16:13 GMT 2012","31","","180","604800","Mon Jun 04 19:11:46 GMT 2012","","","2A7K0COK2JE1D1DP20CR46OZBKBSLU","A1QEU95HL73709","Approved","Sun Jun 03 10:47:09 GMT 2012","Sun Jun 03 10:48:42 GMT 2012","Sun Jun 10 03:48:42 PDT 2012","Sun Jun 03 04:29:50 PDT 2012","","","93","100% (5/5)","100% (5/5)","100% (5/5)","http://ani.pe/jenee/A.20.163.wav","a nice cool bowl","India"
"2QQD8J3VE7WSJNB3U7UMKK8ATIMZJ3","2095TYMNCWYBV33EAJJH511JONQKO7","Transcribe the short phrase in a three-second audio snippet","Listen to the audio file, then type the words that the person is saying","madgab  audio transcription listen to clip then transcribe","$0.03","Sun Jun 03 10:16:13 GMT 2012","31","","180","604800","Mon Jun 04 19:11:46 GMT 2012","","","2BP3V0FK0COKTD264YGKS9LRXEAOHX","A3VSUKEQLN39DX","Approved","Sun Jun 03 19:25:52 GMT 2012","Sun Jun 03 19:26:27 GMT 2012","Sun Jun 10 12:26:27 PDT 2012","Sun Jun 03 12:30:39 PDT 2012","","","35","100% (3/3)","100% (3/3)","100% (3/3)","http://ani.pe/jenee/A.20.163.wav","an ice cold dower","USA"
"2QQD8J3VE7WSJNB3U7UMKK8ATIMZJ3","2095TYMNCWYBV33EAJJH511JONQKO7","Transcribe the short phrase in a three-second audio snippet","Listen to the audio file, then type the words that the person is saying","madgab  audio transcription listen to clip then transcribe","$0.03","Sun Jun 03 10:16:13 GMT 2012","31","","180","604800","Mon Jun 04 19:11:46 GMT 2012","","","2C2C9KSSZVXXTKSACLBQWYGNJ4CL3V","ALAO0YU49USSB","Approved","Sun Jun 03 10:43:49 GMT 2012","Sun Jun 03 10:45:02 GMT 2012","Sun Jun 10 03:45:02 PDT 2012","Sun Jun 03 04:29:50 PDT 2012","","","73","100% (4/4)","100% (4/4)","100% (4/4)","http://ani.pe/jenee/A.20.163.wav","a nice cold hour",""
"2QQD8J3VE7WSJNB3U7UMKK8ATIMZJ3","2095TYMNCWYBV33EAJJH511JONQKO7","Transcribe the short phrase in a three-second audio snippet","Listen to the audio file, then type the words that the person is saying","madgab  audio transcription listen to clip then transcribe","$0.03","Sun Jun 03 10:16:13 GMT 2012","31","","180","604800","Mon Jun 04 19:11:46 GMT 2012","","","2EB79KQW618NV0I2X344DXCEUV2KML","A104D59MWTDTCQ","Approved","Sun Jun 03 21:57:13 GMT 2012","Sun Jun 03 21:58:29 GMT 2012","Sun Jun 10 14:58:29 PDT 2012","Sun Jun 03 16:17:59 PDT 2012","","","76","100% (1/1)","100% (1/1)","100% (1/1)","http://ani.pe/jenee/A.20.163.wav","a nice cold hour","USA"
"2QQD8J3VE7WSJNB3U7UMKK8ATIMZJ3","2095TYMNCWYBV33EAJJH511JONQKO7","Transcribe the short phrase in a three-second audio snippet","Listen to the audio file, then type the words that the person is saying","madgab  audio transcription listen to clip then transcribe","$0.03","Sun Jun 03 10:16:13 GMT 2012","31","","180","604800","Mon Jun 04 19:11:46 GMT 2012","","","2ESSPW1INMHGPKSOLE1BEBFMGN8H4E","A3K7MH764BEIG5","Approved","Sun Jun 03 18:08:06 GMT 2012","Sun Jun 03 18:09:30 GMT 2012","Sun Jun 10 11:09:30 PDT 2012","Sun Jun 03 12:11:57 PDT 2012","","","84","100% (3/3)","100% (3/3)","100% (3/3)","http://ani.pe/jenee/A.20.163.wav","a nice cold hour","USA"
"2QQD8J3VE7WSJNB3U7UMKK8ATIMZJ3","2095TYMNCWYBV33EAJJH511JONQKO7","Transcribe the short phrase in a three-second audio snippet","Listen to the audio file, then type the words that the person is saying","madgab  audio transcription listen to clip then transcribe","$0.03","Sun Jun 03 10:16:13 GMT 2012","31","","180","604800","Mon Jun 04 19:11:46 GMT 2012","","","2FMUKQOYGNIWSHGD67R187SVHI9ZH6","A2YQCGL1VAP22O","Approved","Sun Jun 03 16:51:40 GMT 2012","Sun Jun 03 16:52:43 GMT 2012","Sun Jun 10 09:52:43 PDT 2012","Sun Jun 03 12:12:00 PDT 2012","","","63","100% (5/5)","100% (5/5)","100% (5/5)","http://ani.pe/jenee/A.20.163.wav","in nice cold hour","usa"
"2QQD8J3VE7WSJNB3U7UMKK8ATIMZJ3","2095TYMNCWYBV33EAJJH511JONQKO7","Transcribe the short phrase in a three-second audio snippet","Listen to the audio file, then type the words that the person is saying","madgab  audio transcription listen to clip then transcribe","$0.03","Sun Jun 03 10:16:13 GMT 2012","31","","180","604800","Mon Jun 04 19:11:46 GMT 2012","","","2G2UC26DG67DSRR0I6B0KOK2KMM6DG","A3WUVSRKDQJHL","Approved","Sun Jun 03 18:06:10 GMT 2012","Sun Jun 03 18:06:45 GMT 2012","Sun Jun 10 11:06:45 PDT 2012","Sun Jun 03 12:12:01 PDT 2012","","","35","100% (3/3)","100% (3/3)","100% (3/3)","http://ani.pe/jenee/A.20.163.wav","a nice cold hour","USA"
"2QQD8J3VE7WSJNB3U7UMKK8ATIMZJ3","2095TYMNCWYBV33EAJJH511JONQKO7","Transcribe the short phrase in a three-second audio snippet","Listen to the audio file, then type the words that the person is saying","madgab  audio transcription listen to clip then transcribe","$0.03","Sun Jun 03 10:16:13 GMT 2012","31","","180","604800","Mon Jun 04 19:11:46 GMT 2012","","","2JPBNVP3TVOKWO3ONSP7YEOZG66309","AGIFA6SS2ZZGC","Approved","Sun Jun 03 14:05:32 GMT 2012","Sun Jun 03 14:06:30 GMT 2012","Sun Jun 10 07:06:30 PDT 2012","Sun Jun 03 12:12:00 PDT 2012","","","58","100% (3/3)","100% (3/3)","100% (3/3)","http://ani.pe/jenee/A.20.163.wav","a nice cold hour","Finland"
"2QQD8J3VE7WSJNB3U7UMKK8ATIMZJ3","2095TYMNCWYBV33EAJJH511JONQKO7","Transcribe the short phrase in a three-second audio snippet","Listen to the audio file, then type the words that the person is saying","madgab  audio transcription listen to clip then transcribe","$0.03","Sun Jun 03 10:16:13 GMT 2012","31","","180","604800","Mon Jun 04 19:11:46 GMT 2012","","","2JR6KW4ZMAZH8LFQXHROVNVRI9ZH8G","A1V6ISW75IUD94","Approved","Sun Jun 03 13:43:32 GMT 2012","Sun Jun 03 13:44:36 GMT 2012","Sun Jun 10 06:44:36 PDT 2012","Sun Jun 03 12:11:59 PDT 2012","","","64","100% (16/16)","100% (16/16)","100% (16/16)","http://ani.pe/jenee/A.20.163.wav","a nice cold hour","India"
"2QQD8J3VE7WSJNB3U7UMKK8ATIMZJ3","2095TYMNCWYBV33EAJJH511JONQKO7","Transcribe the short phrase in a three-second audio snippet","Listen to the audio file, then type the words that the person is saying","madgab  audio transcription listen to clip then transcribe","$0.03","Sun Jun 03 10:16:13 GMT 2012","31","","180","604800","Mon Jun 04 19:11:46 GMT 2012","","","2MHWZ9RNDWIOMVGCAEUD1GU146TETN","AO859TOTBEYJG","Approved","Sun Jun 03 14:34:33 GMT 2012","Sun Jun 03 14:35:55 GMT 2012","Sun Jun 10 07:35:55 PDT 2012","Sun Jun 03 12:12:00 PDT 2012","","","82","100% (2/2)","100% (2/2)","100% (2/2)","http://ani.pe/jenee/A.20.163.wav","an ice cold hour","US"
"2QQD8J3VE7WSJNB3U7UMKK8ATIMZJ3","2095TYMNCWYBV33EAJJH511JONQKO7","Transcribe the short phrase in a three-second audio snippet","Listen to the audio file, then type the words that the person is saying","madgab  audio transcription listen to clip then transcribe","$0.03","Sun Jun 03 10:16:13 GMT 2012","31","","180","604800","Mon Jun 04 19:11:46 GMT 2012","","","2MPKNQY2RCJKXXN0WU8R8KUIBYM3ST","A28PR6S5WPR0J4","Approved","Sun Jun 03 11:47:41 GMT 2012","Sun Jun 03 11:48:02 GMT 2012","Sun Jun 10 04:48:02 PDT 2012","Sun Jun 03 05:46:47 PDT 2012","","","21","100% (5/5)","100% (5/5)","100% (5/5)","http://ani.pe/jenee/A.20.163.wav","a nice cold hour","USA"
"2QQD8J3VE7WSJNB3U7UMKK8ATIMZJ3","2095TYMNCWYBV33EAJJH511JONQKO7","Transcribe the short phrase in a three-second audio snippet","Listen to the audio file, then type the words that the person is saying","madgab  audio transcription listen to clip then transcribe","$0.03","Sun Jun 03 10:16:13 GMT 2012","31","","180","604800","Mon Jun 04 19:11:46 GMT 2012","","","2NMCF806UFBN6MJLCC63H5SW7V50E6","A28TABASGGHFBB","Approved","Sun Jun 03 22:03:12 GMT 2012","Sun Jun 03 22:04:15 GMT 2012","Sun Jun 10 15:04:15 PDT 2012","Sun Jun 03 16:17:59 PDT 2012","","","63","100% (1/1)","100% (1/1)","100% (1/1)","http://ani.pe/jenee/A.20.163.wav","a nice cold hour","United States"
"2QQD8J3VE7WSJNB3U7UMKK8ATIMZJ3","2095TYMNCWYBV33EAJJH511JONQKO7","Transcribe the short phrase in a three-second audio snippet","Listen to the audio file, then type the words that the person is saying","madgab  audio transcription listen to clip then transcribe","$0.03","Sun Jun 03 10:16:13 GMT 2012","31","","180","604800","Mon Jun 04 19:11:46 GMT 2012","","","2RQ5PQJQ9OPLCR0CCDIXO8KCP730YE","AJO9ZRRHSFZX","Approved","Sun Jun 03 16:01:37 GMT 2012","Sun Jun 03 16:01:58 GMT 2012","Sun Jun 10 09:01:58 PDT 2012","Sun Jun 03 12:11:57 PDT 2012","","","21","100% (1/1)","100% (1/1)","100% (1/1)","http://ani.pe/jenee/A.20.163.wav","a nice cold hour","India"
"2QQD8J3VE7WSJNB3U7UMKK8ATIMZJ3","2095TYMNCWYBV33EAJJH511JONQKO7","Transcribe the short phrase in a three-second audio snippet","Listen to the audio file, then type the words that the person is saying","madgab  audio transcription listen to clip then transcribe","$0.03","Sun Jun 03 10:16:13 GMT 2012","31","","180","604800","Mon Jun 04 19:11:46 GMT 2012","","","2SL3HVWAVKI6TH7VKSY2799QIEXOGY","A3HBWVAVKRASDF","Approved","Sun Jun 03 19:25:17 GMT 2012","Sun Jun 03 19:27:00 GMT 2012","Sun Jun 10 12:27:00 PDT 2012","Sun Jun 03 12:30:38 PDT 2012","","","103","100% (5/5)","100% (5/5)","100% (5/5)","http://ani.pe/jenee/A.20.163.wav","an ice cold hour","macedonia"
"2QQD8J3VE7WSJNB3U7UMKK8ATIMZJ3","2095TYMNCWYBV33EAJJH511JONQKO7","Transcribe the short phrase in a three-second audio snippet","Listen to the audio file, then type the words that the person is saying","madgab  audio transcription listen to clip then transcribe","$0.03","Sun Jun 03 10:16:13 GMT 2012","31","","180","604800","Mon Jun 04 19:11:46 GMT 2012","","","2TNCNHMVHVKCAUP62TY4R79KR4U24L","ASTVV4I4O4S5X","Approved","Sun Jun 03 20:24:10 GMT 2012","Sun Jun 03 20:24:39 GMT 2012","Sun Jun 10 13:24:39 PDT 2012","Sun Jun 03 16:17:59 PDT 2012","","","29","100% (10/10)","100% (10/10)","100% (10/10)","http://ani.pe/jenee/A.20.163.wav","a nice cold hour","India"
"2QQD8J3VE7WSJNB3U7UMKK8ATIMZJ3","2095TYMNCWYBV33EAJJH511JONQKO7","Transcribe the short phrase in a three-second audio snippet","Listen to the audio file, then type the words that the person is saying","madgab  audio transcription listen to clip then transcribe","$0.03","Sun Jun 03 10:16:13 GMT 2012","31","","180","604800","Mon Jun 04 19:11:46 GMT 2012","","","2VJGNTBJ3MMDOZ3UPEX2SHB9NL9AWA","A1JEXXV0NXFDKT","Approved","Sun Jun 03 10:58:28 GMT 2012","Sun Jun 03 10:59:24 GMT 2012","Sun Jun 10 03:59:24 PDT 2012","Sun Jun 03 04:29:50 PDT 2012","","","56","100% (2/2)","100% (2/2)","100% (2/2)","http://ani.pe/jenee/A.20.163.wav","a nice cold hour","India"
"2QQD8J3VE7WSJNB3U7UMKK8ATIMZJ3","2095TYMNCWYBV33EAJJH511JONQKO7","Transcribe the short phrase in a three-second audio snippet","Listen to the audio file, then type the words that the person is saying","madgab  audio transcription listen to clip then transcribe","$0.03","Sun Jun 03 10:16:13 GMT 2012","31","","180","604800","Mon Jun 04 19:11:46 GMT 2012","","","2VR6R70G5R984278D5YW0STNZKUQAO","AES66SMYQ6GJH","Approved","Sun Jun 03 13:20:18 GMT 2012","Sun Jun 03 13:21:18 GMT 2012","Sun Jun 10 06:21:18 PDT 2012","Sun Jun 03 12:11:59 PDT 2012","","","60","100% (5/5)","100% (5/5)","100% (5/5)","http://ani.pe/jenee/A.20.163.wav","a nice cold hour","India"
"2QQD8J3VE7WSJNB3U7UMKK8ATIMZJ3","2095TYMNCWYBV33EAJJH511JONQKO7","Transcribe the short phrase in a three-second audio snippet","Listen to the audio file, then type the words that the person is saying","madgab  audio transcription listen to clip then transcribe","$0.03","Sun Jun 03 10:16:13 GMT 2012","31","","180","604800","Mon Jun 04 19:11:46 GMT 2012","","","2W0JIA0RYNJ9TH7P4RWBUJTUI6C722","A109CH3492UU42","Approved","Sun Jun 03 15:03:02 GMT 2012","Sun Jun 03 15:03:20 GMT 2012","Sun Jun 10 08:03:20 PDT 2012","Sun Jun 03 12:11:59 PDT 2012","","","18","100% (16/16)","100% (16/16)","100% (16/16)","http://ani.pe/jenee/A.20.163.wav","an ice cold hour","canada"
"2QQD8J3VE7WSJNB3U7UMKK8ATIMZJ3","2095TYMNCWYBV33EAJJH511JONQKO7","Transcribe the short phrase in a three-second audio snippet","Listen to the audio file, then type the words that the person is saying","madgab  audio transcription listen to clip then transcribe","$0.03","Sun Jun 03 10:16:13 GMT 2012","31","","180","604800","Mon Jun 04 19:11:46 GMT 2012","","","2WL6YTWX4H3HTJZ9V00GQ6IJSJL3YA","A3RJ8NZQ8BRTZM","Approved","Sun Jun 03 14:31:58 GMT 2012","Sun Jun 03 14:34:21 GMT 2012","Sun Jun 10 07:34:21 PDT 2012","Sun Jun 03 12:11:59 PDT 2012","","","143","100% (4/4)","100% (4/4)","100% (4/4)","http://ani.pe/jenee/A.20.163.wav","an ice cold hour","India"
"2QQD8J3VE7WSJNB3U7UMKK8ATIMZJ3","2095TYMNCWYBV33EAJJH511JONQKO7","Transcribe the short phrase in a three-second audio snippet","Listen to the audio file, then type the words that the person is saying","madgab  audio transcription listen to clip then transcribe","$0.03","Sun Jun 03 10:16:13 GMT 2012","31","","180","604800","Mon Jun 04 19:11:46 GMT 2012","","","2WU5L8I9NZW688NB65VQ47T87H5KUD","A1ACV3PQB9K3NB","Approved","Sun Jun 03 22:06:12 GMT 2012","Sun Jun 03 22:06:27 GMT 2012","Sun Jun 10 15:06:27 PDT 2012","Sun Jun 03 16:18:00 PDT 2012","","","15","100% (1/1)","100% (1/1)","100% (1/1)","http://ani.pe/jenee/A.20.163.wav","a nice cold hour","The United States"
"2QQD8J3VE7WSJNB3U7UMKK8ATIMZJ3","2095TYMNCWYBV33EAJJH511JONQKO7","Transcribe the short phrase in a three-second audio snippet","Listen to the audio file, then type the words that the person is saying","madgab  audio transcription listen to clip then transcribe","$0.03","Sun Jun 03 10:16:13 GMT 2012","31","","180","604800","Mon Jun 04 19:11:46 GMT 2012","","","2X4WYB49F9SSJBL6JAFN0T5H6NSUQA","ATZIWT52AH6O4","Approved","Sun Jun 03 18:25:01 GMT 2012","Sun Jun 03 18:26:20 GMT 2012","Sun Jun 10 11:26:20 PDT 2012","Sun Jun 03 12:12:00 PDT 2012","","","79","100% (2/2)","100% (2/2)","100% (2/2)","http://ani.pe/jenee/A.20.163.wav","a nice cold hour","Mexico"
"2QQD8J3VE7WSJNB3U7UMKK8ATIMZJ3","2095TYMNCWYBV33EAJJH511JONQKO7","Transcribe the short phrase in a three-second audio snippet","Listen to the audio file, then type the words that the person is saying","madgab  audio transcription listen to clip then transcribe","$0.03","Sun Jun 03 10:16:13 GMT 2012","31","","180","604800","Mon Jun 04 19:11:46 GMT 2012","","","2YI1SNQQ7Q67RZPV23ER92TQD9GT9V","A19NYETOZMCN5Y","Approved","Sun Jun 03 17:23:25 GMT 2012","Sun Jun 03 17:24:43 GMT 2012","Sun Jun 10 10:24:43 PDT 2012","Sun Jun 03 12:11:58 PDT 2012","","","78","100% (1/1)","100% (1/1)","100% (1/1)","http://ani.pe/jenee/A.20.163.wav","An ice cold hour","USA"
"2QQD8J3VE7WSJNB3U7UMKK8ATIMZJ3","2095TYMNCWYBV33EAJJH511JONQKO7","Transcribe the short phrase in a three-second audio snippet","Listen to the audio file, then type the words that the person is saying","madgab  audio transcription listen to clip then transcribe","$0.03","Sun Jun 03 10:16:13 GMT 2012","31","","180","604800","Mon Jun 04 19:11:46 GMT 2012","","","2ZHSI2KYEPLSG1TP3DXWR3OAIYVTNS","A1AOE016785RQ7","Rejected","Sun Jun 03 16:09:54 GMT 2012","Sun Jun 03 16:10:47 GMT 2012","Sun Jun 10 09:10:47 PDT 2012","","Sun Jun 03 12:11:46 PDT 2012","User didn't answer second question","53","0% (0/2)","0% (0/2)","0% (0/2)","http://ani.pe/jenee/A.20.163.wav","A nice co dollar",""
"2QQD8J3VE7WSJNB3U7UMKK8ATIMZJ3","2095TYMNCWYBV33EAJJH511JONQKO7","Transcribe the short phrase in a three-second audio snippet","Listen to the audio file, then type the words that the person is saying","madgab  audio transcription listen to clip then transcribe","$0.03","Sun Jun 03 10:16:13 GMT 2012","31","","180","604800","Mon Jun 04 19:11:46 GMT 2012","","","2ZKI2KYEPLSPYZ8Q4XNJBOAHRM6OUS","A30HNSMQRR925K","Approved","Sun Jun 03 15:36:40 GMT 2012","Sun Jun 03 15:37:19 GMT 2012","Sun Jun 10 08:37:19 PDT 2012","Sun Jun 03 12:12:01 PDT 2012","","","39","100% (5/5)","100% (5/5)","100% (5/5)","http://ani.pe/jenee/A.20.163.wav","a niceco daver","India"