0,'n' ay scold hour 	 , 78663
1,'n' ay scold our 	 , 480273
2,'n' ay skol dour 	 , 6757
3,'n' ay skol dower 	 , 6730
4,'n' aye scold hour 	 , 202533
5,'n' aye scold our 	 , 604143
6,'n' aye skol dour 	 , 130627
7,'n' aye skol dower 	 , 130600
8,'n' eye scold hour 	 , 98780
9,'n' eye scold our 	 , 500390
10,'n' eye skol dour 	 , 26874
11,'n' eye skol dower 	 , 26847
12,'n' i scold hour 	 , 10009907
13,'n' i scold our 	 , 10411517
14,'n' i skol dour 	 , 9938001
15,'n' i skol dower 	 , 9937974
16,'n' ice coal dour 	 , 32769
17,'n' ice coal dower 	 , 32742
18,'n' ice cold hour 	 , 136859
19,'n' ice cold our 	 , 538469
20,'n' ice cole dour 	 , 14394
21,'n' ice cole dower 	 , 14367
22,'n' ice kohl dour 	 , 13233
23,'n' ice kohl dower 	 , 13206
24,'n' ice-cold hour 	 , 71862
25,'n' ice-cold our 	 , 473472
26,a gneiss coal dour 	 , 20588
27,a gneiss coal dower 	 , 20561
28,a gneiss cold hour 	 , 124678
29,a gneiss cold our 	 , 526288
30,a gneiss cole dour 	 , 2213
31,a gneiss cole dower 	 , 2186
32,a gneiss kohl dour 	 , 1052
33,a gneiss kohl dower 	 , 1025
34,a nice coal dour 	 , 211275
35,a nice coal dower 	 , 211248
36,a nice cold hour 	 , 315365
37,a nice cold our 	 , 716975
38,a nice cole dour 	 , 192900
39,a nice cole dower 	 , 192873
40,a nice kohl dour 	 , 191739
41,a nice kohl dower 	 , 191712
42,a nigh scold hour 	 , 73424
43,a nigh scold our 	 , 475034
44,a nigh skol dour 	 , 1518
45,a nigh skol dower 	 , 1491
46,a nye scold hour 	 , 72067
47,a nye scold our 	 , 473677
48,a nye skol dour 	 , 161
49,a nye skol dower 	 , 134
50,an ay scold hour 	 , 78663
51,an ay scold our 	 , 480273
52,an ay skol dour 	 , 6757
53,an ay skol dower 	 , 6730
54,an aye scold hour 	 , 202533
55,an aye scold our 	 , 604143
56,an aye skol dour 	 , 130627
57,an aye skol dower 	 , 130600
58,an eye scold hour 	 , 98780
59,an eye scold our 	 , 500390
60,an eye skol dour 	 , 26874
61,an eye skol dower 	 , 26847
62,an i scold hour 	 , 10009907
63,an i scold our 	 , 10411517
64,an i skol dour 	 , 9938001
65,an i skol dower 	 , 9937974
66,an ice coal dour 	 , 32769
67,an ice coal dower 	 , 32742
68,an ice cold hour 	 , 136859
69,an ice cold our 	 , 538469
70,an ice cole dour 	 , 14394
71,an ice cole dower 	 , 14367
72,an ice kohl dour 	 , 13233
73,an ice kohl dower 	 , 13206
74,an ice-cold hour 	 , 71862
75,an ice-cold our 	 , 473472
76,ann ay scold hour 	 , 78663
77,ann ay scold our 	 , 480273
78,ann ay skol dour 	 , 6757
79,ann ay skol dower 	 , 6730
80,ann aye scold hour 	 , 202533
81,ann aye scold our 	 , 604143
82,ann aye skol dour 	 , 130627
83,ann aye skol dower 	 , 130600
84,ann eye scold hour 	 , 98780
85,ann eye scold our 	 , 500390
86,ann eye skol dour 	 , 26874
87,ann eye skol dower 	 , 26847
88,ann i scold hour 	 , 10009907
89,ann i scold our 	 , 10411517
90,ann i skol dour 	 , 9938001
91,ann i skol dower 	 , 9937974
92,ann ice coal dour 	 , 32769
93,ann ice coal dower 	 , 32742
94,ann ice cold hour 	 , 136859
95,ann ice cold our 	 , 538469
96,ann ice cole dour 	 , 14394
97,ann ice cole dower 	 , 14367
98,ann ice kohl dour 	 , 13233
99,ann ice kohl dower 	 , 13206
100,ann ice-cold hour 	 , 71862
101,ann ice-cold our 	 , 473472
102,anne ay scold hour 	 , 78663
103,anne ay scold our 	 , 480273
104,anne ay skol dour 	 , 6757
105,anne ay skol dower 	 , 6730
106,anne aye scold hour 	 , 202533
107,anne aye scold our 	 , 604143
108,anne aye skol dour 	 , 130627
109,anne aye skol dower 	 , 130600
110,anne eye scold hour 	 , 98780
111,anne eye scold our 	 , 500390
112,anne eye skol dour 	 , 26874
113,anne eye skol dower 	 , 26847
114,anne i scold hour 	 , 10009907
115,anne i scold our 	 , 10411517
116,anne i skol dour 	 , 9938001
117,anne i skol dower 	 , 9937974
118,anne ice coal dour 	 , 32769
119,anne ice coal dower 	 , 32742
120,anne ice cold hour 	 , 136859
121,anne ice cold our 	 , 538469
122,anne ice cole dour 	 , 14394
123,anne ice cole dower 	 , 14367
124,anne ice kohl dour 	 , 13233
125,anne ice kohl dower 	 , 13206
126,anne ice-cold hour 	 , 71862
127,anne ice-cold our 	 , 473472
128,o' gneiss coal dour 	 , 20588
129,o' gneiss coal dower 	 , 20561
130,o' gneiss cold hour 	 , 124678
131,o' gneiss cold our 	 , 526288
132,o' gneiss cole dour 	 , 2213
133,o' gneiss cole dower 	 , 2186
134,o' gneiss kohl dour 	 , 1052
135,o' gneiss kohl dower 	 , 1025
136,o' nice coal dour 	 , 211275
137,o' nice coal dower 	 , 211248
138,o' nice cold hour 	 , 315365
139,o' nice cold our 	 , 716975
140,o' nice cole dour 	 , 192900
141,o' nice cole dower 	 , 192873
142,o' nice kohl dour 	 , 191739
143,o' nice kohl dower 	 , 191712
144,o' nigh scold hour 	 , 73424
145,o' nigh scold our 	 , 475034
146,o' nigh skol dour 	 , 1518
147,o' nigh skol dower 	 , 1491
148,o' nye scold hour 	 , 72067
149,o' nye scold our 	 , 473677
150,o' nye skol dour 	 , 161
151,o' nye skol dower 	 , 134